name, version, created, downloads
cryptopunks, 3.0.1, 2022-06-11, 814
cryptopunks, 3.0.0, 2022-06-11, 528
cryptopunks, 2.1.0, 2022-01-09, 1182
cryptopunks, 2.0.1, 2021-10-17, 1431
cryptopunks, 2.0.0, 2021-10-15, 1119
cryptopunks, 1.3.0, 2021-10-11, 1128
cryptopunks, 1.2.2, 2021-10-10, 1135
cryptopunks, 1.2.1, 2021-05-15, 2138
cryptopunks, 1.2.0, 2021-04-24, 1624
cryptopunks, 1.1.1, 2021-04-22, 1510
cryptopunks, 1.1.0, 2021-02-14, 2814
cryptopunks, 1.0.1, 2021-02-10, 1185
cryptopunks, 1.0.0, 2021-02-10, 1145
cryptopunks, 0.0.1, 2021-02-10, 1158
